id,Expenditure,N
1,Bread.and.Cereals.Expenditure,42140
1,Total.Rice.Expenditure,38300
1,Meat.Expenditure,24676
1,Total.Fish.and..marine.products.Expenditure,16806
1,Fruit.Expenditure,3325
1,Vegetables.Expenditure,13460
2,Bread.and.Cereals.Expenditure,17329
2,Total.Rice.Expenditure,13008
2,Meat.Expenditure,17434
2,Total.Fish.and..marine.products.Expenditure,11073
2,Fruit.Expenditure,2035
2,Vegetables.Expenditure,7833
3,Bread.and.Cereals.Expenditure,34182
3,Total.Rice.Expenditure,32001
3,Meat.Expenditure,7783
3,Total.Fish.and..marine.products.Expenditure,2590
3,Fruit.Expenditure,1730
3,Vegetables.Expenditure,3795
4,Bread.and.Cereals.Expenditure,34030
4,Total.Rice.Expenditure,28659
4,Meat.Expenditure,10914
4,Total.Fish.and..marine.products.Expenditure,10812
4,Fruit.Expenditure,690
4,Vegetables.Expenditure,7887
5,Bread.and.Cereals.Expenditure,34820
5,Total.Rice.Expenditure,30167
5,Meat.Expenditure,18391
5,Total.Fish.and..marine.products.Expenditure,11309
5,Fruit.Expenditure,1395
5,Vegetables.Expenditure,11260
6,Bread.and.Cereals.Expenditure,29065
6,Total.Rice.Expenditure,25190
6,Meat.Expenditure,15336
6,Total.Fish.and..marine.products.Expenditure,8572
6,Fruit.Expenditure,2614
6,Vegetables.Expenditure,9035
7,Bread.and.Cereals.Expenditure,40992
7,Total.Rice.Expenditure,36312
7,Meat.Expenditure,12968
7,Total.Fish.and..marine.products.Expenditure,12310
7,Fruit.Expenditure,2565
7,Vegetables.Expenditure,15620
8,Bread.and.Cereals.Expenditure,37168
8,Total.Rice.Expenditure,28156
8,Meat.Expenditure,14640
8,Total.Fish.and..marine.products.Expenditure,15896
8,Fruit.Expenditure,3365
8,Vegetables.Expenditure,10520
9,Bread.and.Cereals.Expenditure,23117
9,Total.Rice.Expenditure,15845
9,Meat.Expenditure,11464
9,Total.Fish.and..marine.products.Expenditure,6685
9,Fruit.Expenditure,1370
9,Vegetables.Expenditure,5235
10,Bread.and.Cereals.Expenditure,56003
10,Total.Rice.Expenditure,43239
10,Meat.Expenditure,26488
10,Total.Fish.and..marine.products.Expenditure,25678
10,Fruit.Expenditure,3880
10,Vegetables.Expenditure,11360
11,Bread.and.Cereals.Expenditure,36588
11,Total.Rice.Expenditure,30167
11,Meat.Expenditure,11174
11,Total.Fish.and..marine.products.Expenditure,7674
11,Fruit.Expenditure,1709
11,Vegetables.Expenditure,7920
12,Bread.and.Cereals.Expenditure,46521
12,Total.Rice.Expenditure,39217
12,Meat.Expenditure,20548
12,Total.Fish.and..marine.products.Expenditure,15841
12,Fruit.Expenditure,1475
12,Vegetables.Expenditure,7565
13,Bread.and.Cereals.Expenditure,40531
13,Total.Rice.Expenditure,36200
13,Meat.Expenditure,14322
13,Total.Fish.and..marine.products.Expenditure,8344
13,Fruit.Expenditure,2200
13,Vegetables.Expenditure,6790
14,Bread.and.Cereals.Expenditure,26874
14,Total.Rice.Expenditure,23130
14,Meat.Expenditure,10034
14,Total.Fish.and..marine.products.Expenditure,6971
14,Fruit.Expenditure,2350
14,Vegetables.Expenditure,7770
15,Bread.and.Cereals.Expenditure,19668
15,Total.Rice.Expenditure,16142
15,Meat.Expenditure,5430
15,Total.Fish.and..marine.products.Expenditure,6670
15,Fruit.Expenditure,1860
15,Vegetables.Expenditure,6410
16,Bread.and.Cereals.Expenditure,30594
16,Total.Rice.Expenditure,26788
16,Meat.Expenditure,10336
16,Total.Fish.and..marine.products.Expenditure,7900
16,Fruit.Expenditure,1503
16,Vegetables.Expenditure,6819
17,Bread.and.Cereals.Expenditure,41701
17,Total.Rice.Expenditure,36200
17,Meat.Expenditure,11226
17,Total.Fish.and..marine.products.Expenditure,8806
17,Fruit.Expenditure,1434
17,Vegetables.Expenditure,6408
18,Bread.and.Cereals.Expenditure,44006
18,Total.Rice.Expenditure,38213
18,Meat.Expenditure,9840
18,Total.Fish.and..marine.products.Expenditure,9317
18,Fruit.Expenditure,1231
18,Vegetables.Expenditure,7265
19,Bread.and.Cereals.Expenditure,31984
19,Total.Rice.Expenditure,28659
19,Meat.Expenditure,8048
19,Total.Fish.and..marine.products.Expenditure,7625
19,Fruit.Expenditure,1625
19,Vegetables.Expenditure,6085
20,Bread.and.Cereals.Expenditure,27283
20,Total.Rice.Expenditure,22503
20,Meat.Expenditure,10162
20,Total.Fish.and..marine.products.Expenditure,12370
20,Fruit.Expenditure,2380
20,Vegetables.Expenditure,8190
21,Bread.and.Cereals.Expenditure,32692
21,Total.Rice.Expenditure,28520
21,Meat.Expenditure,6638
21,Total.Fish.and..marine.products.Expenditure,11734
21,Fruit.Expenditure,2120
21,Vegetables.Expenditure,6100
22,Bread.and.Cereals.Expenditure,32678
22,Total.Rice.Expenditure,28964
22,Meat.Expenditure,7510
22,Total.Fish.and..marine.products.Expenditure,7746
22,Fruit.Expenditure,1410
22,Vegetables.Expenditure,4730
23,Bread.and.Cereals.Expenditure,43076
23,Total.Rice.Expenditure,38372
23,Meat.Expenditure,11884
23,Total.Fish.and..marine.products.Expenditure,15699
23,Fruit.Expenditure,4510
23,Vegetables.Expenditure,5015
24,Bread.and.Cereals.Expenditure,30820
24,Total.Rice.Expenditure,27150
24,Meat.Expenditure,8276
24,Total.Fish.and..marine.products.Expenditure,9565
24,Fruit.Expenditure,1490
24,Vegetables.Expenditure,4535
25,Bread.and.Cereals.Expenditure,18215
25,Total.Rice.Expenditure,16078
25,Meat.Expenditure,9562
25,Total.Fish.and..marine.products.Expenditure,7555
25,Fruit.Expenditure,1550
25,Vegetables.Expenditure,4988
26,Bread.and.Cereals.Expenditure,19491
26,Total.Rice.Expenditure,15928
26,Meat.Expenditure,12557
26,Total.Fish.and..marine.products.Expenditure,9245
26,Fruit.Expenditure,1710
26,Vegetables.Expenditure,4495
27,Bread.and.Cereals.Expenditure,15843
27,Total.Rice.Expenditure,14118
27,Meat.Expenditure,7937
27,Total.Fish.and..marine.products.Expenditure,9160
27,Fruit.Expenditure,1470
27,Vegetables.Expenditure,5330
28,Bread.and.Cereals.Expenditure,29144
28,Total.Rice.Expenditure,22565
28,Meat.Expenditure,15591
28,Total.Fish.and..marine.products.Expenditure,12229
28,Fruit.Expenditure,2120
28,Vegetables.Expenditure,3990
29,Bread.and.Cereals.Expenditure,41313
29,Total.Rice.Expenditure,36563
29,Meat.Expenditure,15018
29,Total.Fish.and..marine.products.Expenditure,11071
29,Fruit.Expenditure,2210
29,Vegetables.Expenditure,5190
30,Bread.and.Cereals.Expenditure,34152
30,Total.Rice.Expenditure,28252
30,Meat.Expenditure,12006
30,Total.Fish.and..marine.products.Expenditure,9480
30,Fruit.Expenditure,1785
30,Vegetables.Expenditure,5830
31,Bread.and.Cereals.Expenditure,16761
31,Total.Rice.Expenditure,13876
31,Meat.Expenditure,14040
31,Total.Fish.and..marine.products.Expenditure,14379
31,Fruit.Expenditure,2140
31,Vegetables.Expenditure,6935
32,Bread.and.Cereals.Expenditure,29819
32,Total.Rice.Expenditure,21515
32,Meat.Expenditure,19552
32,Total.Fish.and..marine.products.Expenditure,18234
32,Fruit.Expenditure,1675
32,Vegetables.Expenditure,7112
33,Bread.and.Cereals.Expenditure,24996
33,Total.Rice.Expenditure,19266
33,Meat.Expenditure,16800
33,Total.Fish.and..marine.products.Expenditure,18452
33,Fruit.Expenditure,1790
33,Vegetables.Expenditure,11700
34,Bread.and.Cereals.Expenditure,34648
34,Total.Rice.Expenditure,17984
34,Meat.Expenditure,18876
34,Total.Fish.and..marine.products.Expenditure,14960
34,Fruit.Expenditure,2140
34,Vegetables.Expenditure,11420
35,Bread.and.Cereals.Expenditure,42271
35,Total.Rice.Expenditure,36470
35,Meat.Expenditure,12476
35,Total.Fish.and..marine.products.Expenditure,17220
35,Fruit.Expenditure,2295
35,Vegetables.Expenditure,9625
36,Bread.and.Cereals.Expenditure,19270
36,Total.Rice.Expenditure,13870
36,Meat.Expenditure,11908
36,Total.Fish.and..marine.products.Expenditure,14126
36,Fruit.Expenditure,2100
36,Vegetables.Expenditure,8295
37,Bread.and.Cereals.Expenditure,17486
37,Total.Rice.Expenditure,13290
37,Meat.Expenditure,5796
37,Total.Fish.and..marine.products.Expenditure,9579
37,Fruit.Expenditure,1600
37,Vegetables.Expenditure,4735
38,Bread.and.Cereals.Expenditure,58254
38,Total.Rice.Expenditure,46517
38,Meat.Expenditure,11810
38,Total.Fish.and..marine.products.Expenditure,8847
38,Fruit.Expenditure,2045
38,Vegetables.Expenditure,6350
39,Bread.and.Cereals.Expenditure,37629
39,Total.Rice.Expenditure,31191
39,Meat.Expenditure,12088
39,Total.Fish.and..marine.products.Expenditure,12811
39,Fruit.Expenditure,1265
39,Vegetables.Expenditure,7625
40,Bread.and.Cereals.Expenditure,41137
40,Total.Rice.Expenditure,32816
40,Meat.Expenditure,14958
40,Total.Fish.and..marine.products.Expenditure,11856
40,Fruit.Expenditure,1240
40,Vegetables.Expenditure,7015
41,Bread.and.Cereals.Expenditure,36695
41,Total.Rice.Expenditure,30316
41,Meat.Expenditure,15101
41,Total.Fish.and..marine.products.Expenditure,6736
41,Fruit.Expenditure,2110
41,Vegetables.Expenditure,7140
42,Bread.and.Cereals.Expenditure,26868
42,Total.Rice.Expenditure,19651
42,Meat.Expenditure,9937
42,Total.Fish.and..marine.products.Expenditure,8706
42,Fruit.Expenditure,1880
42,Vegetables.Expenditure,4065
43,Bread.and.Cereals.Expenditure,38561
43,Total.Rice.Expenditure,31772
43,Meat.Expenditure,8324
43,Total.Fish.and..marine.products.Expenditure,5210
43,Fruit.Expenditure,2190
43,Vegetables.Expenditure,12510
44,Bread.and.Cereals.Expenditure,29979
44,Total.Rice.Expenditure,25713
44,Meat.Expenditure,23704
44,Total.Fish.and..marine.products.Expenditure,8417
44,Fruit.Expenditure,1775
44,Vegetables.Expenditure,6350
45,Bread.and.Cereals.Expenditure,20355
45,Total.Rice.Expenditure,16226
45,Meat.Expenditure,29084
45,Total.Fish.and..marine.products.Expenditure,15827
45,Fruit.Expenditure,2200
45,Vegetables.Expenditure,5930
46,Bread.and.Cereals.Expenditure,35920
46,Total.Rice.Expenditure,29684
46,Meat.Expenditure,8002
46,Total.Fish.and..marine.products.Expenditure,7907
46,Fruit.Expenditure,1300
46,Vegetables.Expenditure,5270
47,Bread.and.Cereals.Expenditure,32136
47,Total.Rice.Expenditure,27872
47,Meat.Expenditure,12686
47,Total.Fish.and..marine.products.Expenditure,7479
47,Fruit.Expenditure,1775
47,Vegetables.Expenditure,6090
48,Bread.and.Cereals.Expenditure,36213
48,Total.Rice.Expenditure,30861
48,Meat.Expenditure,16505
48,Total.Fish.and..marine.products.Expenditure,8884
48,Fruit.Expenditure,1930
48,Vegetables.Expenditure,7710
49,Bread.and.Cereals.Expenditure,19431
49,Total.Rice.Expenditure,16060
49,Meat.Expenditure,18464
49,Total.Fish.and..marine.products.Expenditure,9509
49,Fruit.Expenditure,1940
49,Vegetables.Expenditure,4330
50,Bread.and.Cereals.Expenditure,46235
50,Total.Rice.Expenditure,36272
50,Meat.Expenditure,30450
50,Total.Fish.and..marine.products.Expenditure,14452
50,Fruit.Expenditure,2360
50,Vegetables.Expenditure,8720
51,Bread.and.Cereals.Expenditure,25378
51,Total.Rice.Expenditure,19254
51,Meat.Expenditure,14050
51,Total.Fish.and..marine.products.Expenditure,10974
51,Fruit.Expenditure,1195
51,Vegetables.Expenditure,5850
52,Bread.and.Cereals.Expenditure,98241
52,Total.Rice.Expenditure,82536
52,Meat.Expenditure,46818
52,Total.Fish.and..marine.products.Expenditure,19718
52,Fruit.Expenditure,3180
52,Vegetables.Expenditure,9555
53,Bread.and.Cereals.Expenditure,20938
53,Total.Rice.Expenditure,15928
53,Meat.Expenditure,15204
53,Total.Fish.and..marine.products.Expenditure,12031
53,Fruit.Expenditure,1810
53,Vegetables.Expenditure,7027
54,Bread.and.Cereals.Expenditure,27303
54,Total.Rice.Expenditure,19910
54,Meat.Expenditure,25452
54,Total.Fish.and..marine.products.Expenditure,16129
54,Fruit.Expenditure,1865
54,Vegetables.Expenditure,7125
55,Bread.and.Cereals.Expenditure,21286
55,Total.Rice.Expenditure,18100
55,Meat.Expenditure,25542
55,Total.Fish.and..marine.products.Expenditure,11433
55,Fruit.Expenditure,1760
55,Vegetables.Expenditure,5890
56,Bread.and.Cereals.Expenditure,24404
56,Total.Rice.Expenditure,20091
56,Meat.Expenditure,12474
56,Total.Fish.and..marine.products.Expenditure,9405
56,Fruit.Expenditure,1445
56,Vegetables.Expenditure,6350
57,Bread.and.Cereals.Expenditure,47508
57,Total.Rice.Expenditure,41268
57,Meat.Expenditure,36464
57,Total.Fish.and..marine.products.Expenditure,24387
57,Fruit.Expenditure,2710
57,Vegetables.Expenditure,9885
58,Bread.and.Cereals.Expenditure,20468
58,Total.Rice.Expenditure,16036
58,Meat.Expenditure,11174
58,Total.Fish.and..marine.products.Expenditure,7412
58,Fruit.Expenditure,1500
58,Vegetables.Expenditure,3900
59,Bread.and.Cereals.Expenditure,23470
59,Total.Rice.Expenditure,15984
59,Meat.Expenditure,8195
59,Total.Fish.and..marine.products.Expenditure,7778
59,Fruit.Expenditure,1170
59,Vegetables.Expenditure,6060
60,Bread.and.Cereals.Expenditure,41950
60,Total.Rice.Expenditure,38010
60,Meat.Expenditure,12101
60,Total.Fish.and..marine.products.Expenditure,9600
60,Fruit.Expenditure,1460
60,Vegetables.Expenditure,5130
61,Bread.and.Cereals.Expenditure,36637
61,Total.Rice.Expenditure,30060
61,Meat.Expenditure,61482
61,Total.Fish.and..marine.products.Expenditure,25812
61,Fruit.Expenditure,3430
61,Vegetables.Expenditure,8660
62,Bread.and.Cereals.Expenditure,43094
62,Total.Rice.Expenditure,38102
62,Meat.Expenditure,7039
62,Total.Fish.and..marine.products.Expenditure,7233
62,Fruit.Expenditure,1710
62,Vegetables.Expenditure,5690
63,Bread.and.Cereals.Expenditure,19999
63,Total.Rice.Expenditure,17076
63,Meat.Expenditure,6530
63,Total.Fish.and..marine.products.Expenditure,6896
63,Fruit.Expenditure,1480
63,Vegetables.Expenditure,4510
64,Bread.and.Cereals.Expenditure,49902
64,Total.Rice.Expenditure,44117
64,Meat.Expenditure,18616
64,Total.Fish.and..marine.products.Expenditure,9390
64,Fruit.Expenditure,2460
64,Vegetables.Expenditure,9980
65,Bread.and.Cereals.Expenditure,31888
65,Total.Rice.Expenditure,27706
65,Meat.Expenditure,8885
65,Total.Fish.and..marine.products.Expenditure,7719
65,Fruit.Expenditure,2300
65,Vegetables.Expenditure,7095
66,Bread.and.Cereals.Expenditure,44135
66,Total.Rice.Expenditure,38734
66,Meat.Expenditure,15810
66,Total.Fish.and..marine.products.Expenditure,7427
66,Fruit.Expenditure,2040
66,Vegetables.Expenditure,5665
67,Bread.and.Cereals.Expenditure,41207
67,Total.Rice.Expenditure,35999
67,Meat.Expenditure,11649
67,Total.Fish.and..marine.products.Expenditure,11688
67,Fruit.Expenditure,2530
67,Vegetables.Expenditure,6539
68,Bread.and.Cereals.Expenditure,25390
68,Total.Rice.Expenditure,21694
68,Meat.Expenditure,8073
68,Total.Fish.and..marine.products.Expenditure,7887
68,Fruit.Expenditure,1820
68,Vegetables.Expenditure,7732
69,Bread.and.Cereals.Expenditure,26806
69,Total.Rice.Expenditure,21468
69,Meat.Expenditure,9174
69,Total.Fish.and..marine.products.Expenditure,7091
69,Fruit.Expenditure,1410
69,Vegetables.Expenditure,6635
70,Bread.and.Cereals.Expenditure,33631
70,Total.Rice.Expenditure,25356
70,Meat.Expenditure,9303
70,Total.Fish.and..marine.products.Expenditure,14685
70,Fruit.Expenditure,2323
70,Vegetables.Expenditure,7862
71,Bread.and.Cereals.Expenditure,40476
71,Total.Rice.Expenditure,31977
71,Meat.Expenditure,8840
71,Total.Fish.and..marine.products.Expenditure,9878
71,Fruit.Expenditure,1550
71,Vegetables.Expenditure,7251
72,Bread.and.Cereals.Expenditure,31837
72,Total.Rice.Expenditure,27567
72,Meat.Expenditure,10385
72,Total.Fish.and..marine.products.Expenditure,9131
72,Fruit.Expenditure,2130
72,Vegetables.Expenditure,6015
73,Bread.and.Cereals.Expenditure,50073
73,Total.Rice.Expenditure,36779
73,Meat.Expenditure,14649
73,Total.Fish.and..marine.products.Expenditure,15119
73,Fruit.Expenditure,2815
73,Vegetables.Expenditure,7641
74,Bread.and.Cereals.Expenditure,40091
74,Total.Rice.Expenditure,26531
74,Meat.Expenditure,10822
74,Total.Fish.and..marine.products.Expenditure,12136
74,Fruit.Expenditure,2340
74,Vegetables.Expenditure,9261
75,Bread.and.Cereals.Expenditure,38181
75,Total.Rice.Expenditure,30368
75,Meat.Expenditure,9279
75,Total.Fish.and..marine.products.Expenditure,10968
75,Fruit.Expenditure,1440
75,Vegetables.Expenditure,7387
76,Bread.and.Cereals.Expenditure,42158
76,Total.Rice.Expenditure,34222
76,Meat.Expenditure,12892
76,Total.Fish.and..marine.products.Expenditure,8595
76,Fruit.Expenditure,2540
76,Vegetables.Expenditure,7161
77,Bread.and.Cereals.Expenditure,42961
77,Total.Rice.Expenditure,36501
77,Meat.Expenditure,13902
77,Total.Fish.and..marine.products.Expenditure,7955
77,Fruit.Expenditure,2770
77,Vegetables.Expenditure,5520
78,Bread.and.Cereals.Expenditure,13956
78,Total.Rice.Expenditure,12168
78,Meat.Expenditure,3621
78,Total.Fish.and..marine.products.Expenditure,3878
78,Fruit.Expenditure,1005
78,Vegetables.Expenditure,3208
79,Bread.and.Cereals.Expenditure,36893
79,Total.Rice.Expenditure,25557
79,Meat.Expenditure,10224
79,Total.Fish.and..marine.products.Expenditure,10718
79,Fruit.Expenditure,1870
79,Vegetables.Expenditure,6878
80,Bread.and.Cereals.Expenditure,68989
80,Total.Rice.Expenditure,43365
80,Meat.Expenditure,21917
80,Total.Fish.and..marine.products.Expenditure,14842
80,Fruit.Expenditure,2785
80,Vegetables.Expenditure,7134
81,Bread.and.Cereals.Expenditure,40301
81,Total.Rice.Expenditure,34457
81,Meat.Expenditure,12906
81,Total.Fish.and..marine.products.Expenditure,7832
81,Fruit.Expenditure,1210
81,Vegetables.Expenditure,6743
82,Bread.and.Cereals.Expenditure,31880
82,Total.Rice.Expenditure,26817
82,Meat.Expenditure,10713
82,Total.Fish.and..marine.products.Expenditure,8864
82,Fruit.Expenditure,1660
82,Vegetables.Expenditure,5846
83,Bread.and.Cereals.Expenditure,35810
83,Total.Rice.Expenditure,28156
83,Meat.Expenditure,10489
83,Total.Fish.and..marine.products.Expenditure,7593
83,Fruit.Expenditure,1355
83,Vegetables.Expenditure,5958
84,Bread.and.Cereals.Expenditure,44554
84,Total.Rice.Expenditure,30167
84,Meat.Expenditure,15818
84,Total.Fish.and..marine.products.Expenditure,6717
84,Fruit.Expenditure,1895
84,Vegetables.Expenditure,5128
85,Bread.and.Cereals.Expenditure,27886
85,Total.Rice.Expenditure,24198
85,Meat.Expenditure,8762
85,Total.Fish.and..marine.products.Expenditure,7836
85,Fruit.Expenditure,1715
85,Vegetables.Expenditure,3717
86,Bread.and.Cereals.Expenditure,21285
86,Total.Rice.Expenditure,15957
86,Meat.Expenditure,7087
86,Total.Fish.and..marine.products.Expenditure,6419
86,Fruit.Expenditure,1150
86,Vegetables.Expenditure,4671
87,Bread.and.Cereals.Expenditure,32849
87,Total.Rice.Expenditure,29262
87,Meat.Expenditure,9961
87,Total.Fish.and..marine.products.Expenditure,9404
87,Fruit.Expenditure,1810
87,Vegetables.Expenditure,6392
88,Bread.and.Cereals.Expenditure,42990
88,Total.Rice.Expenditure,36500
88,Meat.Expenditure,23506
88,Total.Fish.and..marine.products.Expenditure,14452
88,Fruit.Expenditure,1370
88,Vegetables.Expenditure,11205
89,Bread.and.Cereals.Expenditure,48480
89,Total.Rice.Expenditure,35476
89,Meat.Expenditure,54002
89,Total.Fish.and..marine.products.Expenditure,19782
89,Fruit.Expenditure,3025
89,Vegetables.Expenditure,17513
90,Bread.and.Cereals.Expenditure,22972
90,Total.Rice.Expenditure,17267
90,Meat.Expenditure,10892
90,Total.Fish.and..marine.products.Expenditure,23187
90,Fruit.Expenditure,2270
90,Vegetables.Expenditure,10184
91,Bread.and.Cereals.Expenditure,30999
91,Total.Rice.Expenditure,25481
91,Meat.Expenditure,10508
91,Total.Fish.and..marine.products.Expenditure,7648
91,Fruit.Expenditure,1480
91,Vegetables.Expenditure,12896
92,Bread.and.Cereals.Expenditure,20179
92,Total.Rice.Expenditure,14618
92,Meat.Expenditure,7923
92,Total.Fish.and..marine.products.Expenditure,7620
92,Fruit.Expenditure,1220
92,Vegetables.Expenditure,9688
93,Bread.and.Cereals.Expenditure,31910
93,Total.Rice.Expenditure,24149
93,Meat.Expenditure,15165
93,Total.Fish.and..marine.products.Expenditure,11335
93,Fruit.Expenditure,1135
93,Vegetables.Expenditure,8195
94,Bread.and.Cereals.Expenditure,30508
94,Total.Rice.Expenditure,28402
94,Meat.Expenditure,8590
94,Total.Fish.and..marine.products.Expenditure,9643
94,Fruit.Expenditure,1170
94,Vegetables.Expenditure,6240
95,Bread.and.Cereals.Expenditure,34955
95,Total.Rice.Expenditure,27353
95,Meat.Expenditure,11550
95,Total.Fish.and..marine.products.Expenditure,10299
95,Fruit.Expenditure,2370
95,Vegetables.Expenditure,6563
96,Bread.and.Cereals.Expenditure,25419
96,Total.Rice.Expenditure,19882
96,Meat.Expenditure,15472
96,Total.Fish.and..marine.products.Expenditure,17070
96,Fruit.Expenditure,2130
96,Vegetables.Expenditure,12933
97,Bread.and.Cereals.Expenditure,40737
97,Total.Rice.Expenditure,36200
97,Meat.Expenditure,11211
97,Total.Fish.and..marine.products.Expenditure,15089
97,Fruit.Expenditure,1485
97,Vegetables.Expenditure,5809
98,Bread.and.Cereals.Expenditure,56998
98,Total.Rice.Expenditure,52282
98,Meat.Expenditure,8031
98,Total.Fish.and..marine.products.Expenditure,10475
98,Fruit.Expenditure,1290
98,Vegetables.Expenditure,5040
99,Bread.and.Cereals.Expenditure,25888
99,Total.Rice.Expenditure,16321
99,Meat.Expenditure,21160
99,Total.Fish.and..marine.products.Expenditure,8612
99,Fruit.Expenditure,2510
99,Vegetables.Expenditure,7289
100,Bread.and.Cereals.Expenditure,29989
100,Total.Rice.Expenditure,25461
100,Meat.Expenditure,8290
100,Total.Fish.and..marine.products.Expenditure,7747
100,Fruit.Expenditure,1165
100,Vegetables.Expenditure,4770
101,Bread.and.Cereals.Expenditure,53284
101,Total.Rice.Expenditure,47136
101,Meat.Expenditure,12395
101,Total.Fish.and..marine.products.Expenditure,9598
101,Fruit.Expenditure,980
101,Vegetables.Expenditure,5710
102,Bread.and.Cereals.Expenditure,33785
102,Total.Rice.Expenditure,25389
102,Meat.Expenditure,15171
102,Total.Fish.and..marine.products.Expenditure,5844
102,Fruit.Expenditure,980
102,Vegetables.Expenditure,8130
103,Bread.and.Cereals.Expenditure,29674
103,Total.Rice.Expenditure,26865
103,Meat.Expenditure,7417
103,Total.Fish.and..marine.products.Expenditure,6404
103,Fruit.Expenditure,1210
103,Vegetables.Expenditure,3430
104,Bread.and.Cereals.Expenditure,34277
104,Total.Rice.Expenditure,25702
104,Meat.Expenditure,28128
104,Total.Fish.and..marine.products.Expenditure,19862
104,Fruit.Expenditure,2325
104,Vegetables.Expenditure,8310
105,Bread.and.Cereals.Expenditure,52290
105,Total.Rice.Expenditure,38379
105,Meat.Expenditure,7893
105,Total.Fish.and..marine.products.Expenditure,7299
105,Fruit.Expenditure,1310
105,Vegetables.Expenditure,5665
106,Bread.and.Cereals.Expenditure,42657
106,Total.Rice.Expenditure,36063
106,Meat.Expenditure,6574
106,Total.Fish.and..marine.products.Expenditure,10576
106,Fruit.Expenditure,1402
106,Vegetables.Expenditure,5830
107,Bread.and.Cereals.Expenditure,38602
107,Total.Rice.Expenditure,30467
107,Meat.Expenditure,14122
107,Total.Fish.and..marine.products.Expenditure,7027
107,Fruit.Expenditure,1582
107,Vegetables.Expenditure,4240
108,Bread.and.Cereals.Expenditure,78686
108,Total.Rice.Expenditure,65765
108,Meat.Expenditure,8812
108,Total.Fish.and..marine.products.Expenditure,8780
108,Fruit.Expenditure,3190
108,Vegetables.Expenditure,8082
109,Bread.and.Cereals.Expenditure,56536
109,Total.Rice.Expenditure,45612
109,Meat.Expenditure,8650
109,Total.Fish.and..marine.products.Expenditure,9564
109,Fruit.Expenditure,1510
109,Vegetables.Expenditure,9560
110,Bread.and.Cereals.Expenditure,51874
110,Total.Rice.Expenditure,43078
110,Meat.Expenditure,12122
110,Total.Fish.and..marine.products.Expenditure,9033
110,Fruit.Expenditure,1619
110,Vegetables.Expenditure,5780
111,Bread.and.Cereals.Expenditure,48698
111,Total.Rice.Expenditure,44484
111,Meat.Expenditure,16855
111,Total.Fish.and..marine.products.Expenditure,12689
111,Fruit.Expenditure,1655
111,Vegetables.Expenditure,9095
112,Bread.and.Cereals.Expenditure,47488
112,Total.Rice.Expenditure,42732
112,Meat.Expenditure,7094
112,Total.Fish.and..marine.products.Expenditure,6356
112,Fruit.Expenditure,1650
112,Vegetables.Expenditure,8215
113,Bread.and.Cereals.Expenditure,43457
113,Total.Rice.Expenditure,38010
113,Meat.Expenditure,10360
113,Total.Fish.and..marine.products.Expenditure,6487
113,Fruit.Expenditure,2220
113,Vegetables.Expenditure,8340
114,Bread.and.Cereals.Expenditure,27680
114,Total.Rice.Expenditure,23081
114,Meat.Expenditure,6751
114,Total.Fish.and..marine.products.Expenditure,6977
114,Fruit.Expenditure,2905
114,Vegetables.Expenditure,7075
115,Bread.and.Cereals.Expenditure,46182
115,Total.Rice.Expenditure,38010
115,Meat.Expenditure,28812
115,Total.Fish.and..marine.products.Expenditure,11252
115,Fruit.Expenditure,4567
115,Vegetables.Expenditure,10925
116,Bread.and.Cereals.Expenditure,33901
116,Total.Rice.Expenditure,30965
116,Meat.Expenditure,12844
116,Total.Fish.and..marine.products.Expenditure,10385
116,Fruit.Expenditure,2700
116,Vegetables.Expenditure,6415
117,Bread.and.Cereals.Expenditure,37739
117,Total.Rice.Expenditure,34370
117,Meat.Expenditure,10316
117,Total.Fish.and..marine.products.Expenditure,14181
117,Fruit.Expenditure,2275
117,Vegetables.Expenditure,4505
118,Bread.and.Cereals.Expenditure,9651
118,Total.Rice.Expenditure,8999
118,Meat.Expenditure,1135
118,Total.Fish.and..marine.products.Expenditure,4025
118,Fruit.Expenditure,560
118,Vegetables.Expenditure,2785
119,Bread.and.Cereals.Expenditure,22346
119,Total.Rice.Expenditure,19146
119,Meat.Expenditure,10386
119,Total.Fish.and..marine.products.Expenditure,7363
119,Fruit.Expenditure,2480
119,Vegetables.Expenditure,5870
120,Bread.and.Cereals.Expenditure,45820
120,Total.Rice.Expenditure,41008
120,Meat.Expenditure,7588
120,Total.Fish.and..marine.products.Expenditure,10203
120,Fruit.Expenditure,1505
120,Vegetables.Expenditure,7200
121,Bread.and.Cereals.Expenditure,23324
121,Total.Rice.Expenditure,18728
121,Meat.Expenditure,14388
121,Total.Fish.and..marine.products.Expenditure,10365
121,Fruit.Expenditure,2960
121,Vegetables.Expenditure,5145
122,Bread.and.Cereals.Expenditure,28491
122,Total.Rice.Expenditure,22467
122,Meat.Expenditure,15294
122,Total.Fish.and..marine.products.Expenditure,10315
122,Fruit.Expenditure,2510
122,Vegetables.Expenditure,9655
123,Bread.and.Cereals.Expenditure,19355
123,Total.Rice.Expenditure,14107
123,Meat.Expenditure,15714
123,Total.Fish.and..marine.products.Expenditure,7631
123,Fruit.Expenditure,3380
123,Vegetables.Expenditure,6000
124,Bread.and.Cereals.Expenditure,35859
124,Total.Rice.Expenditure,27763
124,Meat.Expenditure,5696
124,Total.Fish.and..marine.products.Expenditure,7070
124,Fruit.Expenditure,1940
124,Vegetables.Expenditure,4490
125,Bread.and.Cereals.Expenditure,32251
125,Total.Rice.Expenditure,25389
125,Meat.Expenditure,24144
125,Total.Fish.and..marine.products.Expenditure,11471
125,Fruit.Expenditure,5200
125,Vegetables.Expenditure,9435
126,Bread.and.Cereals.Expenditure,25177
126,Total.Rice.Expenditure,18929
126,Meat.Expenditure,22484
126,Total.Fish.and..marine.products.Expenditure,9272
126,Fruit.Expenditure,2200
126,Vegetables.Expenditure,6135
127,Bread.and.Cereals.Expenditure,21598
127,Total.Rice.Expenditure,16016
127,Meat.Expenditure,10594
127,Total.Fish.and..marine.products.Expenditure,8236
127,Fruit.Expenditure,1995
127,Vegetables.Expenditure,6500
128,Bread.and.Cereals.Expenditure,36720
128,Total.Rice.Expenditure,32250
128,Meat.Expenditure,10426
128,Total.Fish.and..marine.products.Expenditure,8823
128,Fruit.Expenditure,2170
128,Vegetables.Expenditure,6741
129,Bread.and.Cereals.Expenditure,21152
129,Total.Rice.Expenditure,16626
129,Meat.Expenditure,9504
129,Total.Fish.and..marine.products.Expenditure,4984
129,Fruit.Expenditure,1520
129,Vegetables.Expenditure,4991
130,Bread.and.Cereals.Expenditure,34245
130,Total.Rice.Expenditure,31183
130,Meat.Expenditure,11734
130,Total.Fish.and..marine.products.Expenditure,10705
130,Fruit.Expenditure,1090
130,Vegetables.Expenditure,5777
131,Bread.and.Cereals.Expenditure,34687
131,Total.Rice.Expenditure,29821
131,Meat.Expenditure,12422
131,Total.Fish.and..marine.products.Expenditure,14430
131,Fruit.Expenditure,2650
131,Vegetables.Expenditure,7257
132,Bread.and.Cereals.Expenditure,15655
132,Total.Rice.Expenditure,12985
132,Meat.Expenditure,5478
132,Total.Fish.and..marine.products.Expenditure,5977
132,Fruit.Expenditure,1625
132,Vegetables.Expenditure,5445
133,Bread.and.Cereals.Expenditure,26642
133,Total.Rice.Expenditure,23072
133,Meat.Expenditure,8716
133,Total.Fish.and..marine.products.Expenditure,7189
133,Fruit.Expenditure,1825
133,Vegetables.Expenditure,5615
134,Bread.and.Cereals.Expenditure,31342
134,Total.Rice.Expenditure,20500
134,Meat.Expenditure,16974
134,Total.Fish.and..marine.products.Expenditure,7917
134,Fruit.Expenditure,1370
134,Vegetables.Expenditure,6400
135,Bread.and.Cereals.Expenditure,28001
135,Total.Rice.Expenditure,22633
135,Meat.Expenditure,11414
135,Total.Fish.and..marine.products.Expenditure,9370
135,Fruit.Expenditure,1530
135,Vegetables.Expenditure,7523
136,Bread.and.Cereals.Expenditure,34160
136,Total.Rice.Expenditure,27668
136,Meat.Expenditure,15146
136,Total.Fish.and..marine.products.Expenditure,10507
136,Fruit.Expenditure,2500
136,Vegetables.Expenditure,6790
137,Bread.and.Cereals.Expenditure,44198
137,Total.Rice.Expenditure,40606
137,Meat.Expenditure,5400
137,Total.Fish.and..marine.products.Expenditure,5241
137,Fruit.Expenditure,1525
137,Vegetables.Expenditure,5090
138,Bread.and.Cereals.Expenditure,27939
138,Total.Rice.Expenditure,20994
138,Meat.Expenditure,7878
138,Total.Fish.and..marine.products.Expenditure,5856
138,Fruit.Expenditure,2980
138,Vegetables.Expenditure,5040
139,Bread.and.Cereals.Expenditure,33538
139,Total.Rice.Expenditure,31977
139,Meat.Expenditure,7428
139,Total.Fish.and..marine.products.Expenditure,7222
139,Fruit.Expenditure,1620
139,Vegetables.Expenditure,4805
140,Bread.and.Cereals.Expenditure,7807
140,Total.Rice.Expenditure,6067
140,Meat.Expenditure,1510
140,Total.Fish.and..marine.products.Expenditure,2483
140,Fruit.Expenditure,720
140,Vegetables.Expenditure,2785
141,Bread.and.Cereals.Expenditure,13083
141,Total.Rice.Expenditure,10707
141,Meat.Expenditure,4351
141,Total.Fish.and..marine.products.Expenditure,5383
141,Fruit.Expenditure,730
141,Vegetables.Expenditure,3845
142,Bread.and.Cereals.Expenditure,23817
142,Total.Rice.Expenditure,19850
142,Meat.Expenditure,8814
142,Total.Fish.and..marine.products.Expenditure,8072
142,Fruit.Expenditure,1525
142,Vegetables.Expenditure,6000
143,Bread.and.Cereals.Expenditure,33960
143,Total.Rice.Expenditure,28775
143,Meat.Expenditure,13842
143,Total.Fish.and..marine.products.Expenditure,6829
143,Fruit.Expenditure,2230
143,Vegetables.Expenditure,5860
144,Bread.and.Cereals.Expenditure,24175
144,Total.Rice.Expenditure,22243
144,Meat.Expenditure,5668
144,Total.Fish.and..marine.products.Expenditure,5477
144,Fruit.Expenditure,1420
144,Vegetables.Expenditure,4545
145,Bread.and.Cereals.Expenditure,46620
145,Total.Rice.Expenditure,43869
145,Meat.Expenditure,7370
145,Total.Fish.and..marine.products.Expenditure,10695
145,Fruit.Expenditure,1750
145,Vegetables.Expenditure,6060
146,Bread.and.Cereals.Expenditure,33161
146,Total.Rice.Expenditure,30551
146,Meat.Expenditure,10194
146,Total.Fish.and..marine.products.Expenditure,5153
146,Fruit.Expenditure,1525
146,Vegetables.Expenditure,6335
147,Bread.and.Cereals.Expenditure,52164
147,Total.Rice.Expenditure,47605
147,Meat.Expenditure,10656
147,Total.Fish.and..marine.products.Expenditure,12213
147,Fruit.Expenditure,1795
147,Vegetables.Expenditure,6275
148,Bread.and.Cereals.Expenditure,11043
148,Total.Rice.Expenditure,6402
148,Meat.Expenditure,6155
148,Total.Fish.and..marine.products.Expenditure,6612
148,Fruit.Expenditure,1920
148,Vegetables.Expenditure,7000
149,Bread.and.Cereals.Expenditure,13265
149,Total.Rice.Expenditure,12370
149,Meat.Expenditure,4165
149,Total.Fish.and..marine.products.Expenditure,3789
149,Fruit.Expenditure,1550
149,Vegetables.Expenditure,7190
150,Bread.and.Cereals.Expenditure,41328
150,Total.Rice.Expenditure,37265
150,Meat.Expenditure,5880
150,Total.Fish.and..marine.products.Expenditure,14401
150,Fruit.Expenditure,1850
150,Vegetables.Expenditure,5250
151,Bread.and.Cereals.Expenditure,23706
151,Total.Rice.Expenditure,21720
151,Meat.Expenditure,5372
151,Total.Fish.and..marine.products.Expenditure,4470
151,Fruit.Expenditure,2045
151,Vegetables.Expenditure,5605
152,Bread.and.Cereals.Expenditure,28986
152,Total.Rice.Expenditure,24737
152,Meat.Expenditure,5745
152,Total.Fish.and..marine.products.Expenditure,6042
152,Fruit.Expenditure,2270
152,Vegetables.Expenditure,6640
153,Bread.and.Cereals.Expenditure,37953
153,Total.Rice.Expenditure,31072
153,Meat.Expenditure,9610
153,Total.Fish.and..marine.products.Expenditure,7850
153,Fruit.Expenditure,2107
153,Vegetables.Expenditure,8875
154,Bread.and.Cereals.Expenditure,33839
154,Total.Rice.Expenditure,30770
154,Meat.Expenditure,5570
154,Total.Fish.and..marine.products.Expenditure,6510
154,Fruit.Expenditure,2585
154,Vegetables.Expenditure,7085
155,Bread.and.Cereals.Expenditure,38031
155,Total.Rice.Expenditure,30770
155,Meat.Expenditure,4915
155,Total.Fish.and..marine.products.Expenditure,6205
155,Fruit.Expenditure,2545
155,Vegetables.Expenditure,11260
156,Bread.and.Cereals.Expenditure,53707
156,Total.Rice.Expenditure,43140
156,Meat.Expenditure,5100
156,Total.Fish.and..marine.products.Expenditure,8690
156,Fruit.Expenditure,1600
156,Vegetables.Expenditure,8900
157,Bread.and.Cereals.Expenditure,6685
157,Total.Rice.Expenditure,5330
157,Meat.Expenditure,3845
157,Total.Fish.and..marine.products.Expenditure,3782
157,Fruit.Expenditure,1470
157,Vegetables.Expenditure,4158
158,Bread.and.Cereals.Expenditure,54739
158,Total.Rice.Expenditure,51437
158,Meat.Expenditure,5200
158,Total.Fish.and..marine.products.Expenditure,6131
158,Fruit.Expenditure,1965
158,Vegetables.Expenditure,6145
159,Bread.and.Cereals.Expenditure,28589
159,Total.Rice.Expenditure,24737
159,Meat.Expenditure,5045
159,Total.Fish.and..marine.products.Expenditure,5040
159,Fruit.Expenditure,3035
159,Vegetables.Expenditure,5990
160,Bread.and.Cereals.Expenditure,48305
160,Total.Rice.Expenditure,43460
160,Meat.Expenditure,17440
160,Total.Fish.and..marine.products.Expenditure,6295
160,Fruit.Expenditure,3310
160,Vegetables.Expenditure,8220
161,Bread.and.Cereals.Expenditure,43792
161,Total.Rice.Expenditure,40273
161,Meat.Expenditure,5620
161,Total.Fish.and..marine.products.Expenditure,11264
161,Fruit.Expenditure,2390
161,Vegetables.Expenditure,7735
162,Bread.and.Cereals.Expenditure,31461
162,Total.Rice.Expenditure,28810
162,Meat.Expenditure,7748
162,Total.Fish.and..marine.products.Expenditure,4020
162,Fruit.Expenditure,1880
162,Vegetables.Expenditure,7369
163,Bread.and.Cereals.Expenditure,34858
163,Total.Rice.Expenditure,33148
163,Meat.Expenditure,5201
163,Total.Fish.and..marine.products.Expenditure,6722
163,Fruit.Expenditure,2315
163,Vegetables.Expenditure,5760
164,Bread.and.Cereals.Expenditure,39221
164,Total.Rice.Expenditure,33069
164,Meat.Expenditure,17979
164,Total.Fish.and..marine.products.Expenditure,8024
164,Fruit.Expenditure,3000
164,Vegetables.Expenditure,5320
165,Bread.and.Cereals.Expenditure,36632
165,Total.Rice.Expenditure,32978
165,Meat.Expenditure,4625
165,Total.Fish.and..marine.products.Expenditure,6266
165,Fruit.Expenditure,1810
165,Vegetables.Expenditure,4450
166,Bread.and.Cereals.Expenditure,34989
166,Total.Rice.Expenditure,33191
166,Meat.Expenditure,2355
166,Total.Fish.and..marine.products.Expenditure,5659
166,Fruit.Expenditure,1610
166,Vegetables.Expenditure,3275
167,Bread.and.Cereals.Expenditure,15836
167,Total.Rice.Expenditure,11907
167,Meat.Expenditure,3290
167,Total.Fish.and..marine.products.Expenditure,4994
167,Fruit.Expenditure,1670
167,Vegetables.Expenditure,4567
168,Bread.and.Cereals.Expenditure,21483
168,Total.Rice.Expenditure,18068
168,Meat.Expenditure,4121
168,Total.Fish.and..marine.products.Expenditure,5696
168,Fruit.Expenditure,1600
168,Vegetables.Expenditure,4325
169,Bread.and.Cereals.Expenditure,34728
169,Total.Rice.Expenditure,30354
169,Meat.Expenditure,11750
169,Total.Fish.and..marine.products.Expenditure,6885
169,Fruit.Expenditure,2460
169,Vegetables.Expenditure,4630
170,Bread.and.Cereals.Expenditure,13403
170,Total.Rice.Expenditure,11513
170,Meat.Expenditure,4692
170,Total.Fish.and..marine.products.Expenditure,7159
170,Fruit.Expenditure,1805
170,Vegetables.Expenditure,5950
171,Bread.and.Cereals.Expenditure,21278
171,Total.Rice.Expenditure,19551
171,Meat.Expenditure,2550
171,Total.Fish.and..marine.products.Expenditure,4998
171,Fruit.Expenditure,1335
171,Vegetables.Expenditure,4250
172,Bread.and.Cereals.Expenditure,36026
172,Total.Rice.Expenditure,33070
172,Meat.Expenditure,5393
172,Total.Fish.and..marine.products.Expenditure,5222
172,Fruit.Expenditure,1625
172,Vegetables.Expenditure,4745
173,Bread.and.Cereals.Expenditure,20545
173,Total.Rice.Expenditure,16495
173,Meat.Expenditure,59736
173,Total.Fish.and..marine.products.Expenditure,4680
173,Fruit.Expenditure,1215
173,Vegetables.Expenditure,3285
174,Bread.and.Cereals.Expenditure,32508
174,Total.Rice.Expenditure,27639
174,Meat.Expenditure,10510
174,Total.Fish.and..marine.products.Expenditure,8454
174,Fruit.Expenditure,3180
174,Vegetables.Expenditure,4080
175,Bread.and.Cereals.Expenditure,56838
175,Total.Rice.Expenditure,53378
175,Meat.Expenditure,8648
175,Total.Fish.and..marine.products.Expenditure,6986
175,Fruit.Expenditure,1850
175,Vegetables.Expenditure,6060
176,Bread.and.Cereals.Expenditure,13778
176,Total.Rice.Expenditure,12470
176,Meat.Expenditure,2270
176,Total.Fish.and..marine.products.Expenditure,3879
176,Fruit.Expenditure,1505
176,Vegetables.Expenditure,3905
177,Bread.and.Cereals.Expenditure,34399
177,Total.Rice.Expenditure,29507
177,Meat.Expenditure,6094
177,Total.Fish.and..marine.products.Expenditure,8433
177,Fruit.Expenditure,1780
177,Vegetables.Expenditure,3075
178,Bread.and.Cereals.Expenditure,25623
178,Total.Rice.Expenditure,22098
178,Meat.Expenditure,6514
178,Total.Fish.and..marine.products.Expenditure,4395
178,Fruit.Expenditure,1250
178,Vegetables.Expenditure,4075
179,Bread.and.Cereals.Expenditure,36646
179,Total.Rice.Expenditure,33057
179,Meat.Expenditure,5436
179,Total.Fish.and..marine.products.Expenditure,5085
179,Fruit.Expenditure,1405
179,Vegetables.Expenditure,3300
180,Bread.and.Cereals.Expenditure,22013
180,Total.Rice.Expenditure,18775
180,Meat.Expenditure,5485
180,Total.Fish.and..marine.products.Expenditure,5936
180,Fruit.Expenditure,1700
180,Vegetables.Expenditure,3645
181,Bread.and.Cereals.Expenditure,15428
181,Total.Rice.Expenditure,13187
181,Meat.Expenditure,2570
181,Total.Fish.and..marine.products.Expenditure,4318
181,Fruit.Expenditure,1475
181,Vegetables.Expenditure,4470
182,Bread.and.Cereals.Expenditure,32675
182,Total.Rice.Expenditure,30354
182,Meat.Expenditure,4924
182,Total.Fish.and..marine.products.Expenditure,5571
182,Fruit.Expenditure,1225
182,Vegetables.Expenditure,2775
183,Bread.and.Cereals.Expenditure,54552
183,Total.Rice.Expenditure,43034
183,Meat.Expenditure,37468
183,Total.Fish.and..marine.products.Expenditure,26288
183,Fruit.Expenditure,5235
183,Vegetables.Expenditure,14180
184,Bread.and.Cereals.Expenditure,50783
184,Total.Rice.Expenditure,45505
184,Meat.Expenditure,8572
184,Total.Fish.and..marine.products.Expenditure,9966
184,Fruit.Expenditure,1930
184,Vegetables.Expenditure,6345
185,Bread.and.Cereals.Expenditure,45179
185,Total.Rice.Expenditure,36200
185,Meat.Expenditure,31429
185,Total.Fish.and..marine.products.Expenditure,11648
185,Fruit.Expenditure,2035
185,Vegetables.Expenditure,6075
186,Bread.and.Cereals.Expenditure,31109
186,Total.Rice.Expenditure,24737
186,Meat.Expenditure,7981
186,Total.Fish.and..marine.products.Expenditure,11928
186,Fruit.Expenditure,1710
186,Vegetables.Expenditure,10420
187,Bread.and.Cereals.Expenditure,39455
187,Total.Rice.Expenditure,36428
187,Meat.Expenditure,15230
187,Total.Fish.and..marine.products.Expenditure,10672
187,Fruit.Expenditure,2810
187,Vegetables.Expenditure,6825
188,Bread.and.Cereals.Expenditure,53586
188,Total.Rice.Expenditure,48570
188,Meat.Expenditure,12498
188,Total.Fish.and..marine.products.Expenditure,10314
188,Fruit.Expenditure,2430
188,Vegetables.Expenditure,5060
189,Bread.and.Cereals.Expenditure,37950
189,Total.Rice.Expenditure,33100
189,Meat.Expenditure,10920
189,Total.Fish.and..marine.products.Expenditure,6972
189,Fruit.Expenditure,1860
189,Vegetables.Expenditure,4300
190,Bread.and.Cereals.Expenditure,42705
190,Total.Rice.Expenditure,38436
190,Meat.Expenditure,10495
190,Total.Fish.and..marine.products.Expenditure,9939
190,Fruit.Expenditure,2180
190,Vegetables.Expenditure,4900
191,Bread.and.Cereals.Expenditure,30654
191,Total.Rice.Expenditure,26648
191,Meat.Expenditure,9762
191,Total.Fish.and..marine.products.Expenditure,7872
191,Fruit.Expenditure,2000
191,Vegetables.Expenditure,6185
192,Bread.and.Cereals.Expenditure,40503
192,Total.Rice.Expenditure,37294
192,Meat.Expenditure,10518
192,Total.Fish.and..marine.products.Expenditure,9300
192,Fruit.Expenditure,1735
192,Vegetables.Expenditure,7150
193,Bread.and.Cereals.Expenditure,40014
193,Total.Rice.Expenditure,36100
193,Meat.Expenditure,12320
193,Total.Fish.and..marine.products.Expenditure,13399
193,Fruit.Expenditure,1725
193,Vegetables.Expenditure,7140
194,Bread.and.Cereals.Expenditure,20297
194,Total.Rice.Expenditure,18012
194,Meat.Expenditure,11514
194,Total.Fish.and..marine.products.Expenditure,8922
194,Fruit.Expenditure,2470
194,Vegetables.Expenditure,6610
195,Bread.and.Cereals.Expenditure,33706
195,Total.Rice.Expenditure,28676
195,Meat.Expenditure,11244
195,Total.Fish.and..marine.products.Expenditure,9712
195,Fruit.Expenditure,1490
195,Vegetables.Expenditure,5706
196,Bread.and.Cereals.Expenditure,18411
196,Total.Rice.Expenditure,12667
196,Meat.Expenditure,12556
196,Total.Fish.and..marine.products.Expenditure,12469
196,Fruit.Expenditure,2100
196,Vegetables.Expenditure,6140
197,Bread.and.Cereals.Expenditure,44683
197,Total.Rice.Expenditure,36200
197,Meat.Expenditure,13007
197,Total.Fish.and..marine.products.Expenditure,12554
197,Fruit.Expenditure,2850
197,Vegetables.Expenditure,8080
198,Bread.and.Cereals.Expenditure,8458
198,Total.Rice.Expenditure,7692
198,Meat.Expenditure,3244
198,Total.Fish.and..marine.products.Expenditure,3563
198,Fruit.Expenditure,1570
198,Vegetables.Expenditure,3480
199,Bread.and.Cereals.Expenditure,41231
199,Total.Rice.Expenditure,36821
199,Meat.Expenditure,22642
199,Total.Fish.and..marine.products.Expenditure,12484
199,Fruit.Expenditure,2245
199,Vegetables.Expenditure,4979
200,Bread.and.Cereals.Expenditure,56504
200,Total.Rice.Expenditure,51287
200,Meat.Expenditure,9622
200,Total.Fish.and..marine.products.Expenditure,11936
200,Fruit.Expenditure,1765
200,Vegetables.Expenditure,6465